t,score,threshold,alert,y_true,switching,err_phys,err_cyber,err_event,attack_type
0,0.0,1.6816989055870812,0,0,0,0.40599068999290466,0.8638204336166382,0.002020682208240032,none
1,0.0,1.6816989055870812,0,0,0,0.5218966007232666,0.677657425403595,0.001365034026093781,none
2,1.1343354557338734,1.6816989055870812,0,0,0,0.40120577812194824,1.1132550239562988,0.0015412637731060386,none
3,0.0,1.6816989055870812,0,0,0,0.49088340997695923,0.8827700614929199,0.0017709991661831737,none
4,0.15170704245931688,1.6816989055870812,0,0,0,0.5345688462257385,0.9273463487625122,0.002161814598366618,none
5,0.0,1.6816989055870812,0,0,0,0.5265476107597351,0.8474313616752625,0.0017521679401397705,none
6,0.0,1.6816989055870812,0,0,0,0.5312145948410034,0.5831403732299805,0.0016509598353877664,none
7,0.0,1.6816989055870812,0,0,0,0.4651030898094177,0.7558218836784363,0.002091984963044524,none
8,0.0,1.6816989055870812,0,0,0,0.4520628750324249,0.729617714881897,0.0025294495280832052,none
9,0.6302862679166138,1.6816989055870812,0,0,0,0.46680259704589844,1.01789128780365,0.001972575904801488,none
10,0.0,1.6816989055870812,0,0,0,0.5245133638381958,0.8670926094055176,0.001966488314792514,none
11,0.5410585070505659,1.6816989055870812,0,0,0,0.7246155738830566,0.9958584308624268,0.0014462483813986182,none
12,0.0,1.6816989055870812,0,0,0,0.6400421261787415,0.826408863067627,0.0021288469433784485,none
13,0.8957071214662199,1.6816989055870812,0,0,0,0.6784895062446594,1.0655241012573242,0.0026071995962411165,none
14,0.0,1.6816989055870812,0,0,0,0.5147313475608826,0.8404359221458435,0.0020618487615138292,none
15,1.104869488592304,1.6816989055870812,0,0,0,0.5599533319473267,1.1076802015304565,0.0017644905019551516,none
16,0.0,1.6816989055870812,0,0,0,0.5183471441268921,0.8326762318611145,0.002306708600372076,none
17,0.0,1.6816989055870812,0,0,0,0.4689844250679016,0.840949535369873,0.0019815079867839813,none
18,0.8560778730854682,1.6816989055870812,0,0,0,0.7288022041320801,1.0515750646591187,0.0016369693912565708,none
19,0.27887664752627866,1.6816989055870812,0,0,0,0.9105300307273865,0.8139394521713257,0.0019019081955775619,none
20,0.013656481809609232,1.6816989055870812,0,0,0,0.6041651964187622,0.9012278318405151,0.0025016949512064457,none
21,1.3295615561650964,1.6816989055870812,0,0,0,0.6789780855178833,1.1431210041046143,0.0024534601252526045,none
22,0.8802709587220504,1.6816989055870812,0,0,0,0.5722798109054565,1.0651872158050537,0.0021834869403392076,none
23,0.0,1.6816989055870812,0,0,0,0.5950167179107666,0.7438097596168518,0.0022049422841519117,none
24,0.3707721350102339,1.6816989055870812,0,0,0,0.7833796739578247,0.9484280347824097,0.001986572053283453,none
25,0.0,1.6816989055870812,0,0,0,0.6928803324699402,0.7752543091773987,0.0019776273984462023,none
26,0.015003171352822942,1.6816989055870812,0,0,0,0.7446221709251404,0.7917370796203613,0.0018320101080462337,none
27,0.3074365533080656,1.6816989055870812,0,0,0,0.6601229310035706,0.9568096399307251,0.002153692999854684,none
28,0.29335473971515325,1.6816989055870812,0,0,0,0.9101321697235107,0.8640844225883484,0.0021667727269232273,none
29,0.3806715192847719,1.6816989055870812,0,0,0,0.8080403208732605,0.9428411722183228,0.0022675897926092148,none
30,0.040581816323826056,1.6816989055870812,0,0,0,0.7535444498062134,0.89082932472229,0.001835664501413703,none
31,0.052608135743116756,1.6816989055870812,0,0,0,0.7736440896987915,0.8194505572319031,0.0021549873054027557,none
32,0.022820545710063034,1.6816989055870812,0,0,0,0.7531890273094177,0.7044664621353149,0.0021337191574275494,none
33,0.05760749372007718,1.6816989055870812,0,0,0,0.5908658504486084,0.9095431566238403,0.0026076792273670435,none
34,0.4247094816236014,1.6816989055870812,0,0,0,0.8154381513595581,0.948516845703125,0.002330936025828123,none
35,0.2894194446586955,1.6816989055870812,0,0,0,0.9092455506324768,0.8558951020240784,0.0022162236273288727,none
36,0.1190867389208818,1.6816989055870812,0,0,0,0.8296598196029663,0.7301512360572815,0.0027092641685158014,none
37,1.4138794598839541,1.6816989055870812,0,0,0,0.8531721234321594,1.114315390586853,0.002756597474217415,none
38,0.16036942699199166,1.6816989055870812,0,0,0,0.8613595962524414,0.692152738571167,0.002270167926326394,none
39,0.0,1.6816989055870812,0,0,0,0.654196560382843,0.8945977687835693,0.0022060966584831476,none
40,0.24157483570768018,1.6816989055870812,0,0,0,0.8733198642730713,0.8957729935646057,0.002057321835309267,none
41,0.19880371445129147,1.6816989055870812,0,0,0,0.8480001091957092,0.8935224413871765,0.002544919028878212,none
42,0.006622587937715065,1.6816989055870812,0,0,0,0.7354381084442139,0.8601897954940796,0.0028346499893814325,none
43,0.1892595931671503,1.6816989055870812,0,0,0,0.855276882648468,0.8218937516212463,0.0019332094816491008,none
44,0.23817662399153267,1.6816989055870812,0,0,0,0.928064227104187,0.5816479325294495,0.0022485130466520786,none
45,0.052268941478086195,1.6816989055870812,0,0,0,0.7699618339538574,0.8386142253875732,0.0023023479152470827,none
46,0.1486730008044992,1.6816989055870812,0,0,0,0.8520274758338928,0.704746663570404,0.002617756137624383,none
47,0.3662544303403812,1.6816989055870812,0,0,0,0.953123152256012,0.8683376908302307,0.002318107523024082,none
48,2.6271432602429003,1.6816989055870812,0,0,0,1.0286403894424438,1.2791904211044312,0.0023457342758774757,none
49,1.2709804338379713,1.6816989055870812,0,0,0,0.9710960984230042,1.0535919666290283,0.0024668127298355103,none
50,0.6506412779193436,1.6816989055870812,0,0,0,1.1569311618804932,0.6855105757713318,0.002500824397429824,none
51,0.08485416804064391,1.6816989055870812,0,0,0,0.7974705100059509,0.7946177124977112,0.0024501560255885124,none
52,0.18764871895579446,1.6816989055870812,0,0,0,0.8551852107048035,0.8169167041778564,0.0022036421578377485,none
53,0.311972681330427,1.6816989055870812,0,0,0,0.9307730197906494,0.8118383288383484,0.0020124195143580437,none
54,0.3846295721672768,1.6816989055870812,0,0,0,1.0068148374557495,0.6326175928115845,0.0019471078412607312,none
55,1.4165203178016643,1.6816989055870812,0,0,0,0.8358771204948425,1.1199557781219482,0.0023082923144102097,none
56,0.8113810246757912,1.6816989055870812,0,0,0,0.7850545644760132,1.0267870426177979,0.0023340247571468353,none
57,0.3542294808916129,1.6816989055870812,0,0,0,0.806861400604248,0.9384583830833435,0.0023113719653338194,none
58,0.2766097103438055,1.6816989055870812,0,0,0,0.9209030866622925,0.7490113973617554,0.001974041573703289,none
59,0.128007531988596,1.6816989055870812,0,0,0,0.8150254487991333,0.8407999873161316,0.00251771230250597,none
60,0.09070455304221092,1.6816989055870812,0,0,0,0.8185797333717346,0.6969828605651855,0.0030992322135716677,none
61,2.151475199558988,1.6816989055870812,0,0,0,0.8756981492042542,1.239635944366455,0.0024550040252506733,none
62,0.6226688605369629,1.6816989055870812,0,0,0,0.9536211490631104,0.9427527785301208,0.002562974812462926,none
63,0.055597038020500755,1.6816989055870812,0,0,0,0.7623733878135681,0.891654908657074,0.002254009246826172,none
64,0.7482040279555054,1.6816989055870812,0,0,0,0.8326687216758728,1.001281976699829,0.002443211153149605,none
65,0.8339519065363538,1.6816989055870812,0,0,0,0.8156750798225403,1.0216892957687378,0.002704490441828966,none
66,0.052272599327468396,1.6816989055870812,0,0,0,0.7854647636413574,0.6100040078163147,0.002594663994386792,none
67,0.5382585386840729,1.6816989055870812,0,0,0,0.7918807864189148,0.9758552312850952,0.002662317594513297,none
68,0.19067416146271254,1.6816989055870812,0,0,0,0.8438329100608826,0.889609158039093,0.00247188494540751,none
69,0.15852495579097106,1.6816989055870812,0,0,0,0.8514546751976013,0.7408713698387146,0.002134025329723954,none
70,0.16616686491396093,1.6816989055870812,0,0,0,0.8893868923187256,0.5564374923706055,0.0022119481582194567,none
71,0.1336591605968518,1.6816989055870812,0,0,0,0.846372663974762,0.6862754225730896,0.0023919730447232723,none
72,0.21485662822465346,1.6816989055870812,0,0,0,0.8700248599052429,0.8252475261688232,0.0021070202346891165,none
73,0.09565523131661853,1.6816989055870812,0,0,0,0.789273202419281,0.8759600520133972,0.002164376899600029,none
74,0.33571607761156697,1.6816989055870812,0,0,0,0.7340365052223206,0.9568579196929932,0.002143325051292777,none
75,0.09720258674495419,1.6816989055870812,0,0,0,0.792266845703125,0.8645176887512207,0.0022143665701150894,none
76,0.8743038637995852,1.6816989055870812,0,0,0,0.816338300704956,1.0287272930145264,0.0022286181338131428,none
77,0.1596304673409553,1.6816989055870812,0,0,0,0.8444161415100098,0.7834230065345764,0.0022208518348634243,none
78,0.0,1.6816989055870812,0,0,0,0.6634395122528076,0.7297831177711487,0.0022224923595786095,none
79,0.0,1.6816989055870812,0,0,0,0.6653997898101807,0.829938530921936,0.002600709442049265,none
80,0.8609129472642822,1.6816989055870812,0,0,0,0.7436550259590149,1.0479949712753296,0.002304651075974107,none
81,1.0940505309144315,1.6816989055870812,0,0,0,0.7701323628425598,1.081836462020874,0.0021781439427286386,none
82,0.692746352067584,1.6816989055870812,0,0,0,0.8264490365982056,0.99319988489151,0.0027917465195059776,none
83,0.9440885790784433,1.6816989055870812,0,0,0,0.6412674188613892,1.077261209487915,0.0025393899995833635,none
84,0.023285580711972217,1.6816989055870812,0,0,0,0.7536986470222473,0.8284870982170105,0.002040868392214179,none
85,0.0,1.6816989055870812,0,0,0,0.6569152474403381,0.7592200040817261,0.002010046737268567,none
86,0.0,1.6816989055870812,0,0,0,0.7172160744667053,0.7852900624275208,0.001894331886433065,none
87,2.0679545822716543,1.6816989055870812,0,0,0,0.6073375344276428,1.284935474395752,0.0028201774694025517,none
88,0.0,1.6816989055870812,0,0,0,0.6532678008079529,0.7672998309135437,0.002229380887001753,none
89,0.002943131241703641,1.6816989055870812,0,0,0,0.458305299282074,0.8992009162902832,0.002255483763292432,none
90,0.0,1.6816989055870812,0,0,0,0.5262791514396667,0.6954548954963684,0.0029049841687083244,none
91,0.0,1.6816989055870812,0,0,0,0.6208253502845764,0.8181347250938416,0.002169520128518343,none
92,0.0,1.6816989055870812,0,0,0,0.6339985728263855,0.7827768921852112,0.001929157879203558,none
93,0.0,1.6816989055870812,0,0,0,0.5935478210449219,0.8101778626441956,0.0021410654298961163,none
94,0.0,1.6816989055870812,0,0,0,0.6050612330436707,0.8238879442214966,0.0013537995982915163,none
95,0.0,1.6816989055870812,0,0,0,0.5663534998893738,0.7576207518577576,0.0016327871708199382,none
96,0.8681140813558696,1.6816989055870812,0,0,0,0.4440658390522003,1.062887191772461,0.0022954163141548634,none
97,0.4955808333131927,1.6816989055870812,0,0,0,0.5430062413215637,0.9924056529998779,0.0017810958670452237,none
98,0.0,1.6816989055870812,0,0,0,0.47940361499786377,0.8203058838844299,0.002000323962420225,none
99,0.4464155455323076,1.6816989055870812,0,0,0,0.43465545773506165,0.9831038117408752,0.0020579341799020767,none
100,0.0,1.6816989055870812,0,0,0,0.5065502524375916,0.7786840200424194,0.0021080065052956343,none
101,0.0,1.6816989055870812,0,0,0,0.4402981102466583,0.7955420017242432,0.001929333433508873,none
102,0.6364075524409449,1.6816989055870812,0,0,0,0.3920859098434448,1.0190494060516357,0.0025264171417802572,none
103,0.0,1.6816989055870812,0,0,0,0.46564456820487976,0.8631736636161804,0.0021476070396602154,none
104,2.319309025041285,1.6816989055870812,0,0,0,0.37849321961402893,1.3374464511871338,0.002456003800034523,none
105,0.0,1.6816989055870812,0,0,0,0.44506195187568665,0.8013120889663696,0.002255390165373683,none
106,0.9785775910195978,1.6816989055870812,0,0,0,0.4388423264026642,1.0837863683700562,0.0019253024365752935,none
107,0.5989760393439876,1.6816989055870812,0,0,0,0.43114742636680603,1.0119675397872925,0.002167842350900173,none
108,0.7231697508676951,1.6816989055870812,0,0,0,0.43016886711120605,1.0354644060134888,0.0021698137279599905,none
109,0.0,1.6816989055870812,0,0,0,0.41901928186416626,0.864296555519104,0.0023809345439076424,none
110,0.0,1.6816989055870812,0,0,0,0.39600443840026855,0.8607349991798401,0.002191950799897313,none
111,0.0845216129642157,1.6816989055870812,0,0,0,0.4016821086406708,0.914635181427002,0.0018122029723599553,none
112,0.0,1.6816989055870812,0,0,0,0.4214158356189728,0.8694241046905518,0.0022430745884776115,none
113,0.0,1.6816989055870812,0,0,0,0.3929535746574402,0.7220061421394348,0.0017273571575060487,none
114,0.0,1.6816989055870812,0,0,0,0.3994324505329132,0.6535733342170715,0.002331180963665247,none
115,0.0,1.6816989055870812,0,0,0,0.3834727108478546,0.6318675875663757,0.002371491165831685,none
116,0.13383623110354306,1.6816989055870812,0,0,0,0.36645618081092834,0.9239652752876282,0.0021355871576815844,none
117,0.0,1.6816989055870812,0,0,0,0.4172172546386719,0.7528083920478821,0.0021229248959571123,none
118,0.0,1.6816989055870812,0,0,0,0.39070889353752136,0.8930317759513855,0.002135428600013256,none
119,0.0,1.6816989055870812,0,0,0,0.44318556785583496,0.888063907623291,0.0017813596641644835,none
120,0.0,1.6816989055870812,0,0,0,0.39770591259002686,0.857089102268219,0.002640543971210718,none
121,0.0,1.6816989055870812,0,0,0,0.4724866449832916,0.8653610348701477,0.0022941522765904665,none
122,0.0,1.6816989055870812,0,0,0,0.4598131477832794,0.8886756300926208,0.0024957931600511074,none
123,0.5398141237071296,1.6816989055870812,0,0,0,0.5019080638885498,1.0007743835449219,0.0026449167635291815,none
124,0.9170219790463595,1.6816989055870812,0,0,0,0.47957518696784973,1.0721403360366821,0.002923480700701475,none
125,0.0,1.6816989055870812,0,0,0,0.5959326028823853,0.8409805297851562,0.002523288829252124,none
126,0.0,1.6816989055870812,0,0,0,0.48828205466270447,0.8469314575195312,0.002726319944486022,none
127,0.52488707367896,1.6816989055870812,0,0,0,0.5097665786743164,0.9979502558708191,0.0020891122985631227,none
128,0.5581137085182618,1.6816989055870812,0,0,0,0.5989421010017395,1.0042365789413452,0.002799124689772725,none
129,0.0,1.6816989055870812,0,0,0,0.6300532817840576,0.7503368854522705,0.002968629589304328,none
130,0.0,1.6816989055870812,0,0,0,0.7055307626724243,0.7189808487892151,0.002401463221758604,none
131,0.006468664071586061,1.6816989055870812,0,0,0,0.7352694272994995,0.7665982842445374,0.0028214920312166214,none
132,0.0,1.6816989055870812,0,0,0,0.6295572519302368,0.7201226353645325,0.002165675861760974,none
133,0.0023993086595578603,1.6816989055870812,0,0,0,0.7308099269866943,0.7490066289901733,0.0023056070785969496,none
134,1.0850449621355798,1.6816989055870812,0,0,0,0.7564429044723511,1.0842862129211426,0.002885747468098998,none
135,0.19952052165187886,1.6816989055870812,0,0,0,0.887036144733429,0.6799120306968689,0.0027760546654462814,none
136,0.9354082735604321,1.6816989055870812,0,0,0,0.9690203070640564,0.9941296577453613,0.003011788474395871,none
137,1.190096165089273,1.6816989055870812,0,0,0,1.2335000038146973,0.9608596563339233,0.0036725110840052366,none
138,0.026638401490649357,1.6816989055870812,0,0,0,0.7573729157447815,0.7909239530563354,0.002827886724844575,none
139,0.7463659009867478,1.6816989055870812,0,0,0,1.1786248683929443,0.8829566836357117,0.0034093759022653103,none
140,0.7578065773379115,1.6816989055870812,0,0,0,1.2170480489730835,0.7086358666419983,0.0030602263286709785,none
141,0.03483449382663724,1.6816989055870812,0,0,0,0.7663547992706299,0.7451277375221252,0.0025545323733240366,none
142,0.6170032452787353,1.6816989055870812,0,0,0,0.9305588603019714,0.9486036896705627,0.0029255168046802282,none
143,1.3520923229323523,1.6816989055870812,0,0,0,1.3055559396743774,0.9683794975280762,0.003573648864403367,none
144,0.5054002217107358,1.6816989055870812,0,0,0,1.0429569482803345,0.8329352736473083,0.0036474126391112804,none
145,0.768587160380222,1.6816989055870812,0,0,0,1.2308151721954346,0.6681643724441528,0.003332107560709119,none
146,0.9945026093071039,1.6816989055870812,0,0,0,1.3545167446136475,0.734432578086853,0.0029986004810780287,none
147,0.5651338014324496,1.6816989055870812,0,0,0,1.0900745391845703,0.7710514664649963,0.0029913464095443487,none
148,1.6234771377191386,1.6816989055870812,0,0,0,1.315171241760254,1.0140985250473022,0.003266694024205208,none
149,1.041272184768962,1.6816989055870812,0,0,0,1.3711940050125122,0.797262966632843,0.003494707867503166,none
150,1.4286554677751404,1.6816989055870812,0,0,0,1.589381456375122,0.877174973487854,0.003193680429831147,none
151,0.47583819361084956,1.6816989055870812,0,0,0,1.0363833904266357,0.7715567946434021,0.0027781890239566565,none
152,1.7540891865092343,1.6816989055870812,0,0,0,1.8094911575317383,0.7402880787849426,0.0037994179874658585,none
153,1.0610149594427571,1.6816989055870812,0,0,0,1.3730708360671997,0.8526180982589722,0.003144131973385811,none
154,1.651137956445131,1.6816989055870812,0,0,0,1.5143744945526123,0.9596705436706543,0.003167208516970277,none
155,1.6401328760580185,1.6816989055870812,0,0,0,1.2552144527435303,1.034950613975525,0.0033477277029305696,none
156,1.6218397169778496,1.6816989055870812,0,0,0,1.5186874866485596,0.9531344771385193,0.003393803723156452,none
157,2.4823859399195163,1.6816989055870812,0,0,0,1.3252116441726685,1.164841890335083,0.0034780383575707674,none
158,0.7438416990555856,1.6816989055870812,0,0,0,1.1789463758468628,0.8727792501449585,0.0034449445083737373,none
159,0.689121834145224,1.6816989055870812,0,0,0,1.1682511568069458,0.7502802610397339,0.0033219021279364824,none
160,1.494991901190845,1.6816989055870812,0,0,0,1.5813686847686768,0.9117509126663208,0.0031378930434584618,none
161,0.9441871911118169,1.6816989055870812,0,0,0,1.2961429357528687,0.8900827169418335,0.003169989911839366,none
162,0.5477885624570527,1.6816989055870812,0,0,0,1.0710945129394531,0.8185574412345886,0.002708523301407695,none
163,0.8991300121628352,1.6816989055870812,0,0,0,1.2985036373138428,0.7273584604263306,0.0032680798321962357,none
164,0.5933610670810746,1.6816989055870812,0,0,0,1.0849242210388184,0.8931626677513123,0.003199760802090168,none
165,0.890922826964047,1.6816989055870812,0,0,0,1.285234808921814,0.7734007835388184,0.003433450823649764,none
166,0.7384039617793834,1.6816989055870812,0,0,0,0.9704238176345825,0.9584461450576782,0.003085457719862461,none
167,0.3919805797341289,1.6816989055870812,0,0,0,0.9727967977523804,0.8447097539901733,0.0028330027125775814,none
168,0.6153491508725959,1.6816989055870812,0,0,0,1.132670283317566,0.7023770213127136,0.0027142383623868227,none
169,0.4745614150060937,1.6816989055870812,0,0,0,1.0512475967407227,0.6850192546844482,0.0029709874652326107,none
170,0.21458749569355623,1.6816989055870812,0,0,0,0.8929679989814758,0.6970217227935791,0.003013160778209567,none
171,0.2354856537044196,1.6816989055870812,0,0,0,0.8967723846435547,0.7455177903175354,0.0027351549360901117,none
172,0.3814008545766665,1.6816989055870812,0,0,0,0.9636172652244568,0.86037278175354,0.002772354753687978,none
173,0.03413155670796189,1.6816989055870812,0,0,0,0.7655844688415527,0.696250319480896,0.0025164326652884483,none
174,0.05558317332223172,1.6816989055870812,0,0,0,0.7611095905303955,0.898457944393158,0.0025342069566249847,none
175,0.0,1.6816989055870812,0,0,0,0.5890460014343262,0.6945750117301941,0.002127034356817603,none
176,0.0,1.6816989055870812,0,0,0,0.7146110534667969,0.8461471796035767,0.0024589274544268847,none
177,0.43534121912883905,1.6816989055870812,0,0,0,0.846387505531311,0.9411721229553223,0.0031422663014382124,none
178,0.5924229187671726,1.6816989055870812,0,0,0,1.1023412942886353,0.7938011288642883,0.0030531578231602907,none
179,0.028567453702662567,1.6816989055870812,0,0,0,0.7594869136810303,0.8110508918762207,0.0018387328600510955,none
180,0.08497401464084667,1.6816989055870812,0,0,0,0.578748345375061,0.9147207736968994,0.0022454194258898497,none
181,0.918725519219378,1.6816989055870812,0,0,0,0.7221537232398987,1.0637558698654175,0.0027657337486743927,none
182,0.47858745868106667,1.6816989055870812,0,0,0,0.7695151567459106,0.9718365669250488,0.0028416041750460863,none
183,0.7761429627888576,1.6816989055870812,0,0,0,0.650331437587738,1.0454866886138916,0.002190040424466133,none
184,0.0,1.6816989055870812,0,0,0,0.6779243350028992,0.6647925972938538,0.002613118849694729,none
185,0.623403209538457,1.6816989055870812,0,0,0,0.6248868703842163,1.0165890455245972,0.002144741825759411,none
186,0.20848754843485626,1.6816989055870812,0,0,0,0.5460799336433411,0.9380889534950256,0.0026564490981400013,none
187,0.559051276338355,1.6816989055870812,0,0,0,0.5920137166976929,1.0044139623641968,0.0022793870884925127,none
188,0.0,1.6816989055870812,0,0,0,0.47505587339401245,0.8734889030456543,0.0018652277067303658,none
189,0.0,1.6816989055870812,0,0,0,0.5914185643196106,0.6523104906082153,0.0016477230237796903,none
190,1.935473926199542,1.6816989055870812,0,0,0,0.46209120750427246,1.2648266553878784,0.0015305908164009452,none
191,0.0,1.6816989055870812,0,0,0,0.48667892813682556,0.7031146287918091,0.0017291017575189471,none
192,1.6996535664395982,1.6816989055870812,0,0,0,0.42691874504089355,1.2202105522155762,0.0018139737658202648,none
193,0.010811013882498624,1.6816989055870812,0,0,0,0.5170084238052368,0.9006894826889038,0.00158696121070534,none
194,0.6268554501878456,1.6816989055870812,0,0,0,0.5204687118530273,1.017242193222046,0.002057428238913417,none
195,0.0,1.6816989055870812,0,0,0,0.41846776008605957,0.7172344923019409,0.0017604682361707091,none
196,0.0,1.6816989055870812,0,0,0,0.47350695729255676,0.7802156209945679,0.002049861941486597,none
197,1.2350824107244456,1.6816989055870812,0,0,0,0.4642208218574524,1.1323158740997314,0.00202579190954566,none
198,0.0,1.6816989055870812,0,0,0,0.5708422064781189,0.5275415182113647,0.001803959021344781,none
199,0.0,1.6816989055870812,0,0,0,0.4063032865524292,0.7611526250839233,0.002027702983468771,none
200,1.5000574751910623,1.6816989055870812,0,0,0,0.49051132798194885,1.182447910308838,0.0013942500809207559,none
201,0.0,1.6816989055870812,0,0,0,0.4430125951766968,0.7039461731910706,0.0014674486592411995,none
202,0.0,1.6816989055870812,0,0,0,0.42999663949012756,0.8312785625457764,0.0021734358742833138,none
203,0.0,1.6816989055870812,0,0,0,0.4610033631324768,0.8602567911148071,0.0015450051287189126,none
204,1.871991511542268,1.6816989055870812,0,0,0,0.4090768098831177,1.252816081047058,0.0018126174109056592,none
205,0.46502891312193884,1.6816989055870812,0,0,0,0.41907772421836853,0.9866253733634949,0.0014147399924695492,none
206,0.0,1.6816989055870812,0,0,0,0.44621309638023376,0.8557740449905396,0.0013031885027885437,none
207,0.0,1.6816989055870812,0,0,0,0.5068958401679993,0.6056809425354004,0.001788694178685546,none
208,0.0,1.6816989055870812,0,0,0,0.43395039439201355,0.8618013262748718,0.0019496700260788202,none
209,0.0,1.6816989055870812,0,0,0,0.43657681345939636,0.8212803602218628,0.0021460300777107477,none
210,0.0,1.6816989055870812,0,0,0,0.4266131818294525,0.6558772325515747,0.0015256735496222973,none
211,0.0,1.6816989055870812,0,0,0,0.44523006677627563,0.7390591502189636,0.0016253733774647117,none
212,2.4022913381503344,1.6816989055870812,0,0,0,0.4836421310901642,1.3531463146209717,0.0023032817989587784,none
213,0.6409945777973146,1.6816989055870812,0,0,0,0.4457395374774933,1.0199172496795654,0.001961626810953021,none
214,0.00921028065202376,1.6816989055870812,0,0,0,0.3783266246318817,0.9003866314888,0.00222377828322351,none
215,0.3813509851786268,1.6816989055870812,0,0,0,0.3881252706050873,0.9707939028739929,0.0024823094718158245,none
216,0.0,1.6816989055870812,0,0,0,0.4139902889728546,0.857679009437561,0.0022907189559191465,none
217,0.24253613033149113,1.6816989055870812,0,0,0,0.4081227481365204,0.9445307850837708,0.0021552087273448706,none
218,0.0,1.6816989055870812,0,0,0,0.4922453761100769,0.6718911528587341,0.001778700272552669,none
219,0.7435127042544739,1.6816989055870812,0,0,0,0.46203911304473877,1.0393131971359253,0.0018392747733741999,none
220,0.0,1.6816989055870812,0,0,0,0.43400895595550537,0.744331419467926,0.00200517475605011,none
221,0.0822599196240112,1.6816989055870812,0,0,0,0.4439074397087097,0.9142072796821594,0.0016232013003900647,none
222,0.0,1.6816989055870812,0,0,0,0.4788025915622711,0.8284361362457275,0.0015734466724097729,none
223,0.0,1.6816989055870812,0,0,0,0.4087767004966736,0.6092694401741028,0.0019287868635728955,none
224,0.31889403532458005,1.6816989055870812,0,0,0,0.5403501391410828,0.9589773416519165,0.0020302312914282084,none
225,0.0,1.6816989055870812,0,0,0,0.4314662218093872,0.7989543080329895,0.00225149211473763,none
226,0.0,1.6816989055870812,0,0,0,0.4642445147037506,0.7390468716621399,0.002239403547719121,none
227,0.12839323405120803,1.6816989055870812,0,0,0,0.5417931079864502,0.9229354858398438,0.002209117403253913,none
228,0.015566587217278808,1.6816989055870812,0,0,0,0.6404179930686951,0.9015892148017883,0.002214715350419283,none
229,0.0,1.6816989055870812,0,0,0,0.48490986227989197,0.764613926410675,0.001666644704528153,none
230,0.01284921624807354,1.6816989055870812,0,0,0,0.7422617077827454,0.7012271881103516,0.001822480815462768,none
231,0.0,1.6816989055870812,0,0,0,0.670098602771759,0.7917625308036804,0.0020244724582880735,none
232,0.0,1.6816989055870812,0,0,0,0.5249330401420593,0.7440118789672852,0.002175703179091215,none
233,1.1235767389811249,1.6816989055870812,0,0,0,0.6173070669174194,1.1112195253372192,0.00200091814622283,none
234,0.24717986341891476,1.6816989055870812,0,0,0,0.657817542552948,0.94540935754776,0.002036245306953788,none
235,0.021876805014269182,1.6816989055870812,0,0,0,0.7420253753662109,0.892383873462677,0.0019037884194403887,none
236,0.4611655414224085,1.6816989055870812,0,0,0,0.5953949093818665,0.9858944416046143,0.002523709088563919,none
237,0.20500457178516274,1.6816989055870812,0,0,0,0.7281805872917175,0.935207188129425,0.0021212520077824593,none
238,0.0,1.6816989055870812,0,0,0,0.5654328465461731,0.8839638829231262,0.002638057339936495,none
239,0.0,1.6816989055870812,0,0,0,0.6620187759399414,0.8729342818260193,0.002170112682506442,none
240,0.17208871797681916,1.6816989055870812,0,0,0,0.7817897200584412,0.9133422374725342,0.0018394093494862318,none
241,1.3004323999910983,1.6816989055870812,0,0,0,0.5368478894233704,1.1446797847747803,0.0024357663933187723,none
242,0.3758925510217271,1.6816989055870812,0,0,0,0.6090425252914429,0.9697611927986145,0.0021342525724321604,none
243,0.0,1.6816989055870812,0,0,0,0.6857562065124512,0.8596463203430176,0.0023752700071781874,none
244,0.37584989150129217,1.6816989055870812,0,0,0,0.8795886039733887,0.9206321239471436,0.002923604566603899,none
245,0.0,1.6816989055870812,0,0,0,0.6162139773368835,0.6617947220802307,0.002342263236641884,none
246,2.2071983979356258,1.6816989055870812,0,0,0,0.7339714169502258,1.2918676137924194,0.0021186380181461573,none
247,0.0,1.6816989055870812,0,0,0,0.6995911002159119,0.7863207459449768,0.002173544140532613,none
248,0.566884504254617,1.6816989055870812,0,0,0,0.6571934223175049,1.005895972251892,0.0024877621326595545,none
249,0.5775436674350709,1.6816989055870812,0,0,0,0.6824708580970764,1.0079126358032227,0.002108955290168524,none
250,0.10798533851719463,1.6816989055870812,0,0,0,0.803268551826477,0.8392886519432068,0.0026023604441434145,none
251,0.0,1.6816989055870812,0,0,0,0.6937022805213928,0.8061701059341431,0.002272282959893346,none
252,0.0,1.6816989055870812,0,0,0,0.6327171325683594,0.6805768013000488,0.0026091861072927713,none
253,0.2692602930782311,1.6816989055870812,0,0,0,0.7633850574493408,0.9361914992332458,0.0029722892213612795,none
254,1.284593514756021,1.6816989055870812,0,0,0,0.7782799601554871,1.1135036945343018,0.0025721609126776457,none
255,0.9091470818924862,1.6816989055870812,0,0,0,0.8124700784683228,1.0361168384552002,0.002242966089397669,none
256,0.46262929089427596,1.6816989055870812,0,0,0,0.8380246162414551,0.9485597014427185,0.0027659100014716387,none
257,0.0,1.6816989055870812,0,0,0,0.7265099287033081,0.8986440896987915,0.0024503199383616447,none
258,1.474260983524924,1.6816989055870812,0,0,0,0.7599202990531921,1.1529461145401,0.0018463822780176997,none
259,0.17188207377501263,1.6816989055870812,0,0,0,0.878861129283905,0.6334781646728516,0.0025058125611394644,none
260,0.7654080352093998,1.6816989055870812,0,0,0,0.8362777829170227,1.0032763481140137,0.002785885939374566,none
261,0.6029499845981663,1.6816989055870812,0,0,0,0.9045535922050476,0.953840434551239,0.002921139122918248,none
262,0.7884027086745524,1.6816989055870812,0,0,0,0.9313689470291138,0.9790293574333191,0.003401342546567321,none
263,1.3891695855286397,1.6816989055870812,0,0,0,0.872725784778595,1.1040705442428589,0.002495931461453438,none
264,0.12692245356995682,1.6816989055870812,0,0,0,0.8320023417472839,0.7434075474739075,0.0023275238927453756,none
265,0.30987582940077874,1.6816989055870812,0,0,0,0.8262913227081299,0.92472243309021,0.0024885989259928465,none
266,0.042568597004003304,1.6816989055870812,0,0,0,0.7748304009437561,0.7793756127357483,0.002508701290935278,none
267,0.24837335166856989,1.6816989055870812,0,0,0,0.889045000076294,0.8312641978263855,0.0023004943504929543,none
268,0.10206250304012393,1.6816989055870812,0,0,0,0.8159996271133423,0.7492037415504456,0.0026266220957040787,none
269,0.18943351178908102,1.6816989055870812,0,0,0,0.8019775152206421,0.9104076623916626,0.0026310966350138187,none
270,0.3443037021292312,1.6816989055870812,0,0,0,0.9506106376647949,0.8093167543411255,0.00236684363335371,none
271,0.06523357631046038,1.6816989055870812,0,0,0,0.7747855186462402,0.854654848575592,0.0029714147094637156,none
272,0.5515744936808553,1.6816989055870812,0,0,0,0.7515591382980347,0.9902595281600952,0.0026237049605697393,none
273,1.0194682929998462,1.6816989055870812,0,0,0,0.8783408403396606,1.0362205505371094,0.002524108160287142,none
274,0.19880500521055822,1.6816989055870812,0,0,0,0.8692508339881897,0.7757417559623718,0.0030756061896681786,none
275,0.2848499575637948,1.6816989055870812,0,0,0,0.9180636405944824,0.7916784286499023,0.00277130794711411,none
276,0.13731807761547793,1.6816989055870812,0,0,0,0.8165817260742188,0.8629115223884583,0.00291711138561368,none
277,0.46615200077226665,1.6816989055870812,0,0,0,0.8552108407020569,0.9440487623214722,0.00344559527002275,none
278,0.25815324142325785,1.6816989055870812,0,0,0,0.7192922830581665,0.9459047913551331,0.0026270723901689053,none
279,0.24001691007818335,1.6816989055870812,0,0,0,0.8786177039146423,0.8607836365699768,0.0030936533585190773,none
280,0.31902306022525384,1.6816989055870812,0,0,0,0.9237267374992371,0.8737742900848389,0.00289857923053205,none
281,0.27919535848071547,1.6816989055870812,0,0,0,0.9390224814414978,0.6568504571914673,0.003061280120164156,none
282,0.41694176986843967,1.6672444327811287,0,0,0,0.912827730178833,0.9180585741996765,0.0036793695762753487,none
283,0.30502649949259153,1.6558105566196732,0,0,0,0.8609085083007812,0.9135037064552307,0.003655232721939683,none
284,0.17777904876044473,1.641954569023036,0,0,0,0.8692039847373962,0.706292986869812,0.0028506505768746138,none
285,0.37921032658195364,1.6274992080802704,0,0,0,0.8252843618392944,0.9374116063117981,0.0032925731502473354,none
286,0.17145646763175298,1.6154618002168952,0,0,0,0.8463163375854492,0.8114386200904846,0.0037137323524802923,none
287,2.024272430997232,1.6012975842649568,0,0,0,1.130621075630188,1.1408379077911377,0.003844229970127344,none
288,0.33196470410289414,1.8126105508761436,0,0,0,0.9362885355949402,0.8469899892807007,0.0034796977415680885,none
289,0.3136605796546331,1.7974393397261883,0,0,0,0.9302759766578674,0.8196167945861816,0.0031625551637262106,none
290,0.4034398149996078,1.7821688351354654,0,0,0,0.9892594218254089,0.7913499474525452,0.003576506394892931,none
291,1.5525355719654539,1.7687360142047885,0,0,0,1.3400641679763794,0.9939614534378052,0.003944223280996084,none
292,0.6150662718560079,1.8664810921493866,0,0,0,1.0208805799484253,0.9213192462921143,0.0034132320433855057,none
293,1.3104682786936312,1.8591526004843877,0,0,0,1.4306384325027466,0.9236305356025696,0.004007745534181595,none
294,1.64058110791435,1.9136734035529521,0,0,0,1.2266770601272583,1.043523907661438,0.0038612596690654755,none
295,0.6765086822151483,2.0115361898041275,0,0,0,1.045143723487854,0.9250680208206177,0.004023668356239796,none
296,1.0562180631148492,2.003697129173454,0,0,0,1.3735120296478271,0.8337574601173401,0.004127981141209602,none
297,1.4072522046131235,2.0218990708085456,0,0,0,1.5741665363311768,0.8898290395736694,0.004020910710096359,none
298,1.2513503047781516,2.076762872322721,0,0,0,1.495261311531067,0.8082778453826904,0.004441734869033098,none
299,1.042602641961606,2.109952349605746,0,0,0,1.3584219217300415,0.872029721736908,0.004060810431838036,none
300,2.5315426370849425,2.121669205699315,0,0,1,1.922561526298523,0.9955593347549438,0.003972644452005625,none
301,3.561290225213652,2.121669205699315,0,0,1,2.1222944259643555,1.1203255653381348,0.004554022569209337,none
302,5.1332041175463115,2.121669205699315,0,0,1,2.26141619682312,1.0375334024429321,40097.80078125,none
303,5.760812892795996,2.121669205699315,0,0,1,2.458606004714966,1.1222305297851562,40097.66015625,none
304,5.938772132685971,2.121669205699315,0,0,1,2.094351053237915,1.2187857627868652,40097.91796875,none
305,6.025328885408513,2.121669205699315,0,0,1,3.773035764694214,0.9453482031822205,40097.4921875,none
306,5.71786528505182,2.121669205699315,0,0,1,2.48860764503479,1.108925461769104,40097.76953125,none
307,4.838159081262857,2.121669205699315,0,0,1,2.7425711154937744,0.7726510763168335,40097.703125,none
308,5.987779069519865,2.121669205699315,0,0,1,2.9069619178771973,1.0877658128738403,40097.703125,none
309,5.744717443521585,2.121669205699315,0,0,1,2.2613179683685303,1.1532458066940308,40097.70703125,none
310,7.611650557853095,2.121669205699315,0,0,1,2.3355343341827393,1.493647813796997,40097.671875,none
311,4.659848888413853,2.121669205699315,0,0,1,2.547165632247925,0.8822357058525085,40097.68359375,none
312,4.763372532986233,2.121669205699315,0,0,1,2.660614490509033,0.7866163849830627,40097.66015625,none
313,5.8611643956103,2.121669205699315,0,0,1,3.4368345737457275,0.9723319411277771,40097.52734375,none
314,7.070691316103263,2.121669205699315,0,0,1,3.667137861251831,1.1614084243774414,40097.43359375,none
315,5.256622921748093,2.121669205699315,0,0,1,3.2011547088623047,0.8613686561584473,40097.58203125,none
316,2.7325324662078962,2.121669205699315,0,0,1,2.379000186920166,0.839671790599823,0.004259559325873852,none
317,3.5898854307194075,2.121669205699315,0,0,1,2.21492862701416,1.0978225469589233,0.004834873601794243,none
318,3.775485523991243,2.121669205699315,0,0,1,2.994898796081543,0.8967254161834717,0.004726673010736704,none
319,4.266186882844574,2.121669205699315,0,0,1,3.2911276817321777,0.8877981305122375,0.005110924132168293,none
320,6.970909655591706,2.121669205699315,0,0,1,3.993961811065674,1.1726775169372559,0.00535007705911994,none
321,3.32793247483831,2.121669205699315,0,0,1,2.756622552871704,0.7280972599983215,0.005039851181209087,none
322,4.212428060476245,2.121669205699315,0,0,1,3.1345715522766113,0.9351184964179993,0.004635237157344818,none
323,4.417372653323418,2.121669205699315,0,0,1,3.3857316970825195,0.8665000796318054,0.0054325624369084835,none
324,2.998982029370929,2.121669205699315,0,0,1,2.535543441772461,0.8587033152580261,0.004361292347311974,none
325,5.0978137983492235,2.121669205699315,0,0,1,3.810065507888794,0.7792866230010986,0.005637259688228369,none
326,5.832576489465437,2.121669205699315,0,0,1,4.477731227874756,0.9001486301422119,0.005749396979808807,none
327,2.3964267789321454,2.121669205699315,0,0,1,2.0633842945098877,0.9293786883354187,0.00458547193557024,none
328,4.147555827325754,2.121669205699315,0,0,1,3.253958225250244,0.6994311809539795,0.005080581642687321,none
329,5.79998618811127,2.121669205699315,0,0,1,3.4214885234832764,1.1337460279464722,0.0050611067563295364,none
330,2.9868440171082593,2.121669205699315,0,0,1,2.547133207321167,0.7542018294334412,0.004565587267279625,none
331,5.961966930672746,2.121669205699315,0,0,1,4.108300685882568,0.9731120467185974,0.005056316498667002,none
332,3.7950087518096787,2.121669205699315,0,0,1,3.032179355621338,0.7551052570343018,0.005293130408972502,none
333,3.251203172790123,2.121669205699315,0,0,1,2.4010725021362305,0.9817123413085938,0.0047674826346337795,none
334,2.990102731458678,2.121669205699315,0,0,1,1.574710488319397,1.1813335418701172,0.003968605771660805,none
335,2.4900262500495645,2.121669205699315,0,0,1,2.245743989944458,0.7712360620498657,0.004418883938342333,none
336,1.7186302252962318,2.121669205699315,0,0,1,1.790605068206787,0.7268235683441162,0.004121776670217514,none
337,5.097699790889329,2.121669205699315,0,0,1,3.7504749298095703,0.909976065158844,0.004803263116627932,none
338,2.0095590302465265,2.121669205699315,0,0,1,1.9526740312576294,0.7966020107269287,0.0041875895112752914,none
339,2.8920162067812596,2.121669205699315,0,0,1,2.466024875640869,0.8878746032714844,0.0045167519710958,none
340,2.012407862214885,2.121669205699315,0,0,1,1.9370026588439941,0.8927061557769775,0.004229796584695578,none
341,3.1835136192928015,2.121669205699315,0,0,1,2.0535778999328613,1.0731929540634155,0.004405431915074587,none
342,1.5155154640762944,2.121669205699315,0,0,1,1.665153980255127,0.7460380792617798,0.00426681712269783,none
343,1.914744359874884,2.121669205699315,0,0,1,1.5728728771209717,0.989381730556488,0.004479927010834217,none
344,2.6050760247009617,2.121669205699315,0,0,1,2.338667631149292,0.6394234895706177,0.0043652234598994255,none
345,1.4167208738027348,2.121669205699315,0,0,1,1.60239577293396,0.7653094530105591,0.003719308413565159,none
346,18.266908126875506,2.121669205699315,1,1,1,2.1165521144866943,33.686119079589844,0.005176885519176722,fdi_cyber_physical
347,18.725959352086438,2.121669205699315,1,1,1,2.619614362716675,29.391708374023438,0.004730639513581991,fdi_cyber_physical
348,18.30529032106115,2.121669205699315,1,1,0,2.158614158630371,32.80236053466797,0.005339652765542269,fdi_cyber_physical
349,18.311780577986042,2.121669205699315,1,1,0,2.165726661682129,32.73898696899414,0.0051661087200045586,fdi_cyber_physical
350,18.041714900005957,2.121669205699315,1,1,0,1.869768738746643,30.44253921508789,0.004486404825001955,fdi_cyber_physical
351,18.27519129769548,2.121669205699315,1,1,0,2.125629425048828,34.54322814941406,0.004797705914825201,fdi_cyber_physical
352,18.30978272234977,2.121669205699315,1,1,0,2.1635372638702393,32.63291931152344,0.005618821829557419,fdi_cyber_physical
353,17.937985443451442,2.121669205699315,1,1,0,1.7560943365097046,33.54933547973633,0.0045648254454135895,fdi_cyber_physical
354,18.529778108869326,2.121669205699315,1,1,0,2.4046244621276855,31.90042495727539,0.004627667833119631,fdi_cyber_physical
355,17.725063810406542,2.121669205699315,1,1,0,1.5227590799331665,33.29598617553711,0.003922597039490938,fdi_cyber_physical
356,17.84080803092851,2.121669205699315,1,1,0,1.6496001482009888,32.72991943359375,0.004110677167773247,fdi_cyber_physical
357,18.08220155434293,2.121669205699315,1,1,0,1.9141370058059692,31.996021270751953,0.004956578370183706,fdi_cyber_physical
358,18.321982630077052,2.121669205699315,1,1,0,2.1769068241119385,33.62067413330078,0.004654598422348499,fdi_cyber_physical
359,17.774948196646427,2.121669205699315,1,1,0,1.5774260759353638,33.14867401123047,0.004383491352200508,fdi_cyber_physical
360,18.15776653313971,2.121669205699315,1,1,0,1.9969466924667358,31.137557983398438,0.004485431592911482,fdi_cyber_physical
361,17.852504504272435,2.121669205699315,1,1,0,1.662418007850647,30.786771774291992,0.003282447811216116,fdi_cyber_physical
362,17.692983139642088,2.121669205699315,1,1,0,1.487602710723877,31.217248916625977,0.004048643633723259,fdi_cyber_physical
363,17.956279648476258,2.121669205699315,1,1,0,1.7761424779891968,34.73289489746094,0.0043448773212730885,fdi_cyber_physical
364,0.24509160367792243,2.121669205699315,0,0,0,0.7349870800971985,0.9403446316719055,0.002456225221976638,none
365,0.3756770616437218,2.1039673658968208,0,0,0,0.6243255138397217,0.9697204232215881,0.002236804459244013,none
366,0.18187921958727937,2.086224865177694,0,0,0,0.8404842019081116,0.878867506980896,0.0025820760056376457,none
367,0.0,2.0695642325838373,0,0,0,0.595858097076416,0.804233729839325,0.0019773899111896753,none
368,0.0,2.057583496300961,0,0,0,0.6677024960517883,0.7813922166824341,0.0015932376263663173,none
369,0.04832192302352977,2.045299053434483,0,0,0,0.7811353206634521,0.7558859586715698,0.0017269834643229842,none
370,0.0,2.0312374451768687,0,0,1,0.689029335975647,0.7511808276176453,0.0015044170431792736,none
371,0.0,2.0312374451768687,0,0,1,0.7197614908218384,0.7355584502220154,0.0026829801499843597,none
372,4.32087770934864,2.0312374451768687,0,0,1,1.0325847864151,1.0959945917129517,40098.140625,none
373,3.7020200085135855,2.0312374451768687,0,0,1,1.0147587060928345,0.9819871783256531,40098.1953125,none
374,3.638269049050977,2.0312374451768687,0,0,1,1.0869818925857544,0.9574569463729858,40098.1015625,none
375,5.531718075868106,2.0312374451768687,0,0,1,1.0266836881637573,1.3260986804962158,40098.1796875,none
376,3.8916881761579227,2.0312374451768687,0,0,1,1.0043377876281738,1.0196706056594849,40098.14453125,none
377,4.0542085726439145,2.0312374451768687,0,0,1,0.9320932030677795,1.0628912448883057,40098.16015625,none
378,3.2523969042402983,2.0312374451768687,0,0,1,1.0047757625579834,0.770968496799469,40098.2265625,none
379,4.590577502999233,2.0312374451768687,0,0,1,0.9858559370040894,1.155087947845459,40098.140625,none
380,4.057463227186153,2.0312374451768687,0,0,1,1.0119264125823975,1.0497243404388428,40098.16796875,none
381,5.23298702403165,2.0312374451768687,0,0,1,0.9592674970626831,1.2812191247940063,40098.12109375,none
382,3.239854556703426,2.0312374451768687,0,0,1,0.9910309314727783,0.8747140765190125,40098.12109375,none
383,4.633408990206151,2.0312374451768687,0,0,1,1.0139806270599365,1.1583359241485596,40098.2265625,none
384,3.2085619978895754,2.0312374451768687,0,0,1,0.9567382335662842,0.7964324951171875,40098.140625,none
385,0.8252543782252414,2.0312374451768687,0,0,1,0.630858302116394,1.0547783374786377,0.0014800523640587926,none
386,0.0,2.0312374451768687,0,0,1,0.7111570835113525,0.8344851136207581,0.0014040699461475015,none
387,0.5400856907302882,2.0312374451768687,0,0,1,0.5937902927398682,1.0008257627487183,0.0017413952155038714,none
388,0.5339281762666725,2.0312374451768687,0,0,1,0.613099992275238,0.9996607899665833,0.0013985217083245516,none
389,0.12409384290846241,2.0312374451768687,0,0,1,0.6366086602210999,0.922122061252594,0.001606436911970377,none
390,0.0,2.0312374451768687,0,0,1,0.6242313385009766,0.8120058178901672,0.0016243236605077982,none
391,0.048618058176213806,2.0312374451768687,0,0,1,0.5160327553749084,0.9078423976898193,0.0020359603222459555,none
392,0.0,2.0312374451768687,0,0,1,0.5696904063224792,0.773526132106781,0.0018477567937225103,none
393,0.0,2.0312374451768687,0,0,1,0.6893776059150696,0.7891426682472229,0.001226775930263102,none
394,0.7367783461488587,2.0312374451768687,0,0,1,0.5537294745445251,1.0380390882492065,0.0019418543670326471,none
395,0.0,2.0312374451768687,0,0,1,0.6266681551933289,0.8959507346153259,0.0018190934788435698,none
396,0.0,2.0312374451768687,0,0,1,0.7037971019744873,0.6801924705505371,0.001570375170558691,none
397,0.28733775820776936,2.0312374451768687,0,0,1,0.5348482131958008,0.9530070424079895,0.001505281194113195,none
398,0.0,2.0312374451768687,0,0,1,0.5266647338867188,0.8751955628395081,0.001961763948202133,none
399,0.0,2.0312374451768687,0,0,1,0.5228837132453918,0.8594347834587097,0.001837919233366847,none
400,0.28499068822803353,2.0312374451768687,0,0,1,0.5950894355773926,0.9525629878044128,0.0011686551151797175,none
401,0.27516040304981915,2.0312374451768687,0,0,1,0.6012455224990845,0.9507031440734863,0.0017229535151273012,none
402,0.08586968174854988,2.0312374451768687,0,0,1,0.6069483757019043,0.9148902297019958,0.0019243814749643207,none
403,0.08907272342425111,2.0312374451768687,0,0,1,0.6173628568649292,0.9154962301254272,0.00177207519300282,none
404,0.0,2.0312374451768687,0,0,1,0.5171205401420593,0.6997672915458679,0.001608360675163567,none
405,0.9825420915061744,2.0312374451768687,0,0,1,0.5518837571144104,1.0845364332199097,0.0018705356633290648,none
406,17.0,2.0312374451768687,1,1,1,0.5058813095092773,24.863447189331055,0.0029535237699747086,timing_cyber_subtle
407,17.0,2.0312374451768687,1,1,1,0.5931477546691895,24.11757469177246,0.0029342586640268564,timing_cyber_subtle
408,17.0,2.0312374451768687,1,1,1,0.45707958936691284,24.410078048706055,0.0032939354423433542,timing_cyber_subtle
409,17.0,2.0312374451768687,1,1,1,0.5957821011543274,25.274253845214844,0.0032905209809541702,timing_cyber_subtle
410,17.02768753133297,2.0312374451768687,1,1,1,0.758522629737854,24.675395965576172,0.003707773517817259,timing_cyber_subtle
411,17.0,2.0312374451768687,1,1,1,0.7135649919509888,27.131771087646484,0.004159186501055956,timing_cyber_subtle
412,17.064962779043896,2.0312374451768687,1,1,1,0.799371600151062,26.329648971557617,0.004415971226990223,timing_cyber_subtle
413,17.0,2.0312374451768687,1,1,1,0.681520938873291,25.633134841918945,0.004092252813279629,timing_cyber_subtle
414,17.0,2.0312374451768687,1,1,1,0.6050866842269897,26.489421844482422,0.004307510331273079,timing_cyber_subtle
415,17.082446952924446,2.0312374451768687,1,1,1,0.8185320496559143,22.97418975830078,0.003223324427381158,timing_cyber_subtle
416,17.0,2.0312374451768687,1,1,1,0.6531054377555847,23.04087257385254,0.00312279025092721,timing_cyber_subtle
417,17.0,2.0312374451768687,1,1,0,0.48688241839408875,25.998783111572266,0.002616389887407422,timing_cyber_subtle
418,17.0,2.0312374451768687,1,1,0,0.5825492739677429,24.48381805419922,0.0023939579259604216,timing_cyber_subtle
419,17.0,2.0312374451768687,1,1,0,0.44651177525520325,25.059223175048828,0.0026244805194437504,timing_cyber_subtle
420,17.0,2.0312374451768687,1,1,0,0.5275633335113525,23.28098487854004,0.0028550734277814627,timing_cyber_subtle
421,17.0,2.0312374451768687,1,1,0,0.5312552452087402,24.511409759521484,0.0031753205694258213,timing_cyber_subtle
422,17.0,2.0312374451768687,1,1,0,0.528472363948822,25.36797332763672,0.003752437187358737,timing_cyber_subtle
423,17.067981808032314,2.0312374451768687,1,1,0,0.8026800751686096,24.903182983398438,0.0040840222500264645,timing_cyber_subtle
424,0.0,2.0312374451768687,0,0,0,0.5837516784667969,0.76424241065979,0.0014019458321854472,none
425,0.1223796942158795,2.018494258607609,0,0,0,0.35714221000671387,0.9217977523803711,0.002214888110756874,none
426,1.4853462295838482,2.0024449835123335,0,0,0,0.38174986839294434,1.1796646118164062,0.0017484526615589857,none
427,0.20818290190191607,2.0695130170328033,0,0,0,0.3851996064186096,0.9380313158035278,0.0022977308835834265,none
428,0.0,2.0520054930684797,0,0,0,0.4171014428138733,0.7359278798103333,0.002172360196709633,none
429,0.5892267202040002,2.0388865699540566,0,0,0,0.417044073343277,1.0101230144500732,0.001505569787696004,none
430,0.0,2.0267690147049713,0,0,0,0.45212021470069885,0.8522635102272034,0.0018515883712098002,none
431,0.0,2.013771697529997,0,0,0,0.542793869972229,0.8758793473243713,0.0019546078983694315,none
